actuator_scale,release_angle_deg,best_speed_kmh,best_land_x,best_u_shoulder,best_u_elbow,best_extension_deg,best_release_shoulder_deg,best_release_height_m,full_torque_speed_kmh,full_torque_land_x
0.75,230.0,29.62653706584814,7.999972364141066,0.98037109375,-1.0,-3.4439434906552435e-05,230.46185219660978,1.6946848870047608,30.073891851422484,8.207056624760309
0.75,232.5,29.594333699937945,7.999986976791378,0.9673034667968751,-0.2,-4.86212500621086e-05,232.79177947165672,1.7114066131673715,30.421815134992446,8.396288967633993
0.75,235.0,29.667510350809675,7.992297804090944,0.953125,0.0,-5.174636639093677e-05,236.31361007080397,1.7350036608855959,30.77724289714284,8.50432049536235
0.75,237.5,29.824409714018117,7.999964953981182,0.9489379882812501,0.0,-5.067166470862361e-05,238.5331313111924,1.7487938429572867,30.957896542962292,8.534835896676972
0.75,240.0,30.10277848696276,7.999979549129728,0.9474670410156251,0.0,-4.932746427988022e-05,241.22655931938013,1.7643925686588944,31.32532812758999,8.546857524437508
0.75,242.5,30.35174926335385,7.999969891071636,0.94912109375,0.0,-4.84288586419801e-05,243.0053236595703,1.7739948113070816,31.51220147713264,8.527634161024954
0.75,245.0,30.84683770298604,7.999963779295601,0.956072998046875,0.0,-4.750587472335255e-05,245.75355976055778,1.7877173246517726,31.892494799095843,8.43710513904817
0.75,247.5,31.479549660666326,7.950794273431664,0.9657592773437502,0.0,-4.580983325430665e-05,249.04387925363588,1.8023875745900577,32.281813435689,8.280922298860226
0.75,250.0,32.33856437311017,7.9772353746902835,0.988348388671875,0.0,-4.5653171753201605e-05,251.58648848527562,1.8122891449927647,32.479964080824196,8.167228473510091
0.75,252.5,32.8834735150579,7.90163880768887,1.0,0.0,-4.5084690443619735e-05,253.70296892156742,1.8196914479084507,32.88345050043206,7.901612151476118
0.75,255.0,33.08888638380149,7.750075204917017,1.0,0.0,-4.410352998185374e-05,255.32655475988525,1.824865120381361,33.08886305362893,7.750050563616646
0.75,257.5,33.50723126018895,7.410555158577736,1.0,0.0,-4.205801026380129e-05,258.60456701432963,1.833796698924098,33.50720728653946,7.410534420106259
0.75,260.0,33.7202304860353,7.2046800517760605,1.0,0.0,-4.0994202661792656e-05,260.2592435904564,1.8375289406673379,33.720206183488585,7.204661227406076
0.75,262.5,34.15403710650416,6.795692561215701,1.0,0.0,-3.878607554641533e-05,263.6005745147742,1.8434627754637296,34.15401213003205,6.7956773139258635
0.75,265.0,34.37490057533263,6.575073672791228,1.0,0.0,-3.7642474321142316e-05,265.28748780994755,1.8456392755570192,34.37487525339439,6.575060117390245
0.75,267.5,34.824672478825306,6.1230157469732,1.0,0.0,-3.5278213204481546e-05,268.69446672327564,1.8483497979520946,34.82464644862438,6.123005337342901
0.75,270.0,,,,,,,,35.05359775798317,5.892781387700232
0.75,272.5,,,,,,,,35.519722142176825,5.427018744793279
0.75,275.0,,,,,,,,35.7569238233226,5.212500254708943
0.75,277.5,,,,,,,,36.23965759764309,4.764208536488404
0.75,280.0,,,,,,,,36.485201783715034,4.551430059938612
0.75,282.5,,,,,,,,36.73353393384808,4.33374510272337
0.75,285.0,,,,,,,,37.23855263188598,3.945566257447902
0.75,287.5,,,,,,,,37.49522621847965,3.75614198114662
0.75,290.0,,,,,,,,37.75466162566428,3.583612541107101
0.75,292.5,,,,,,,,38.28175345395616,3.2510921546588145
0.75,295.0,,,,,,,,38.54936833716701,3.091841370420493
0.75,297.5,,,,,,,,38.819661749093015,2.950483670000568
0.75,300.0,,,,,,,,39.368157785791944,2.683423721062563
1.0,230.0,29.64294509213923,7.999977425564946,0.73558349609375,-1.0,-3.143257326465587e-05,230.52424253767052,1.6951341172109422,36.76959876299699,11.757188793615601
1.0,232.5,29.594273279119108,7.999988246682376,0.72547607421875,0.0,-5.383920057067115e-05,232.79165160538022,1.7114076606922974,37.281173294078506,11.996613205493812
1.0,235.0,29.62879792188645,7.9999693558642955,0.7171142578125,-1.0,-3.178701447481558e-05,235.3570794057228,1.7287950367298535,37.540295579862615,12.063940640918108
1.0,237.5,29.824547155576642,7.9999888928850975,0.7117065429687501,-1.0,-3.225475044787984e-05,238.533786644804,1.7487930283104614,38.06558930079589,12.06953270259213
1.0,240.0,30.1261041107361,7.999907777788992,0.7109924316406252,0.0,-4.9287396882036205e-05,241.31818040623412,1.764896225576991,38.33190802384638,12.004642648072027
1.0,242.5,30.379136793747147,7.9464387026645635,0.7093750000000001,0.0,-4.790131530807429e-05,243.91220241115911,1.7787173702245982,38.600770088015,11.89273364394328
1.0,245.0,30.81916302117818,7.999968605379631,0.7166015625000002,0.0,-4.710359439252798e-05,245.6447770473825,1.78720196125575,38.87224477165889,11.752074409293082
1.0,247.5,31.479360190058898,7.950696630421629,0.7243164062500002,0.0,-4.581018672267234e-05,249.04313567036698,1.8023844917452676,39.423298826224915,11.344739801324067
1.0,250.0,32.338469517110845,7.977189889977278,0.741259765625,0.0,-4.565334653516828e-05,251.58611942023418,1.8122877830672344,39.7030059798648,11.077137020811678
1.0,252.5,33.20837271731446,7.9501056338145695,0.7585083007812499,0.0,-4.551707659761206e-05,254.12937004182965,1.8210284124420648,39.98558098155668,10.78066706052986
1.0,255.0,34.31445802169831,7.957131545607003,0.783221435546875,0.0,-4.563437893123634e-05,256.6832705297439,1.8285679328783093,40.55956162669853,10.082081902481661
1.0,257.5,35.44539886649218,7.868720739616171,0.80888671875,0.0,-4.584371557792011e-05,259.2390571056902,1.8349186808659417,40.85107344064545,9.703223097705433
1.0,260.0,37.095105181077166,7.86356635616412,0.851849365234375,0.0,-4.753157963000021e-05,261.82009360280017,1.840025157099631,41.14566507190822,9.27637658730742
1.0,262.5,38.820148500244045,7.793843763057366,0.89825439453125,0.0,-4.90666187729083e-05,264.40489589099445,1.8439203463347547,41.443381384062924,8.847456782943896
1.0,265.0,42.04835158646713,7.96848149366751,1.0,0.0,-5.4324084655998917e-05,266.94213576106574,1.8463774856848674,42.04834912237515,7.968478349767212
1.0,267.5,42.355673684465046,7.522124934832072,1.0,0.0,-5.3291754399609204e-05,269.0220663037367,1.8478161498969856,42.35567129301809,7.522122537059888
1.0,270.0,42.666261548216795,7.05787871970595,1.0,0.0,-5.2232424386122744e-05,271.117319999991,1.8484151456737845,42.66625922690033,7.057876993543644
1.0,272.5,42.9801398395194,6.625019858947217,1.0,0.0,-5.114646338011397e-05,273.2280588345686,1.8481550204435617,42.98013758580422,6.625018728704263
1.0,275.0,43.297328561956355,6.201981469896823,1.0,0.0,-5.003427798433435e-05,275.35444576394906,1.8470170496084015,43.29732637327687,6.201980865304268
1.0,277.5,,,,,,,,43.94169069404276,5.4168893126723185
1.0,280.0,,,,,,,,44.26888104633123,5.0583346496337125
1.0,282.5,,,,,,,,44.59941104235498,4.716432382988342
1.0,285.0,,,,,,,,44.93327423038931,4.392501687220706
1.0,287.5,,,,,,,,45.27045823720442,4.111645467824819
1.0,290.0,,,,,,,,45.61094456197339,3.8506536121509516
1.0,292.5,,,,,,,,45.954708373528966,3.586620382932528
1.0,295.0,,,,,,,,46.301718311886404,3.3674949256143263
1.0,297.5,,,,,,,,46.65193629501491,3.1466753000491967
1.0,300.0,,,,,,,,47.361809343077866,2.7713928112589845
1.25,230.0,29.626404063909554,7.999942560326662,0.5882202148437501,0.0,-5.5305277606887415e-05,230.46121525667445,1.6946852894893083,42.582311693932155,15.384760858990356
1.25,232.5,29.605161723425592,7.999405109567036,0.578125,0.0,-5.345298877479365e-05,233.64647751448567,1.7173191438209914,42.9208767686556,15.55172188885315
1.25,235.0,29.667510350809714,7.992297804090945,0.5718750000000001,0.0,-5.174636639093677e-05,236.313610070804,1.7350036608855968,43.605569153592135,15.637614075497295
1.25,237.5,29.824231956656188,7.999846989957919,0.5693603515625,0.0,-5.067195058172658e-05,238.53243588586017,1.7487897034399595,43.95189958298595,15.568659035949452
1.25,240.0,30.126013336253884,7.99985106810717,0.568792724609375,0.0,-4.928755275956931e-05,241.31782388286592,1.7648942684307225,44.3010179428852,15.42867318397588
1.25,242.5,30.351565614306498,7.999859451837366,0.56947021484375,0.0,-4.842918304159838e-05,243.00460139543765,1.773991053283694,44.65301989804979,15.19384591264188
1.25,245.0,30.818976691621852,7.999863450385562,0.5732788085937499,0.0,-4.710392996498669e-05,245.64404455622156,1.7871984840598105,45.00799822040565,14.906405857407314
1.25,247.5,31.479549660666326,7.950794273431664,0.5794555664062502,0.0,-4.580983325430665e-05,249.04387925363588,1.8023875745900577,45.36604247822137,14.520515745237194
1.25,250.0,32.12618451064286,7.90638572340177,0.5877563476562502,-0.2,-4.584731849810453e-05,251.57608106540744,1.81230885569829,45.727238717906275,14.081477446003957
1.25,252.5,33.20827777870267,7.950063619846985,0.6068054199218751,0.0,-4.5517248841164815e-05,254.1290037438405,1.8210272301197632,46.09166913932541,13.566270153427737
1.25,255.0,34.3142692936779,7.957054824845852,0.62657470703125,0.0,-4.56347020310055e-05,256.68255144291015,1.8285659484054966,46.83054010715489,12.358804683215466
1.25,257.5,35.4452113939645,7.887981593771713,0.64710693359375,0.0,-4.584401676188676e-05,259.2383515883872,1.834917067634052,47.20512282370299,11.695564797115512
1.25,260.0,36.601519197483725,7.737342443037037,0.6684387207031252,0.0,-4.614988364570749e-05,261.79543216230684,1.8400657999542767,47.583223379832006,10.98777942000286
1.25,262.5,39.087329575210816,7.848044941766269,0.7259338378906252,0.0,-4.978237180619516e-05,264.4185912056887,1.8438994582125425,47.9648996997962,10.264722482386077
1.25,265.0,42.08429726950472,7.931073567712172,0.800518798828125,0.0,-5.429252716693256e-05,267.0658088699391,1.8464843395210444,48.35020381912429,9.530440731385243
1.25,267.5,45.395726413290916,7.920285580642253,0.8883544921875,0.0,-5.9405841665416403e-05,269.7291023978246,1.8478389898622578,48.73918153464796,8.816101391172303
1.25,270.0,48.69526122916863,7.711472021820146,0.98023681640625,0.0,-6.43513673002083e-05,272.39152200592554,1.8479898021125627,49.1318720534409,8.099238301472832
1.25,272.5,49.52830910610004,7.4113476789357176,1.0,0.0,-6.50420773120608e-05,273.82410113033706,1.8476244639954214,49.52830764134862,7.411346958923472
1.25,275.0,49.92851464355366,6.784445879480547,1.0,0.0,-6.408513401279237e-05,276.2776651875392,1.846146363260638,49.92851327185673,6.784445704463433
1.25,277.5,50.33250755891726,6.195158513971553,1.0,0.0,-6.31011662330927e-05,278.75119923951786,1.8434766196408303,50.33250627613402,6.195158789756328
1.25,280.0,,,,,,,,50.74029599519355,5.6470102982500245
1.25,282.5,,,,,,,,51.15188343523984,5.170776821175112
1.25,285.0,,,,,,,,51.56726092740887,4.71358701791336
1.25,287.5,,,,,,,,51.98641179326045,4.332685777392273
1.25,290.0,,,,,,,,52.40931001754433,3.9744298470596844
1.25,292.5,,,,,,,,52.835919929931656,3.6403074348634776
1.25,295.0,,,,,,,,53.266195897578584,3.358171564187969
1.25,297.5,,,,,,,,53.70008203056547,3.101479079534323
1.25,300.0,,,,,,,,54.137511902432855,2.8706104417657614
1.5,230.0,29.62654333613425,7.999993819269974,0.490185546875,-0.2,-4.379131286968985e-05,230.46174443505453,1.6946859650810362,47.86496672413666,19.074296680130097
1.5,232.5,29.594104968345583,7.999863248760689,0.483648681640625,0.0,-5.3839417474055296e-05,232.7910049846173,1.711403222393852,48.28866046335184,19.188923617044445
1.5,235.0,29.667510350809675,7.992297804090944,0.4765625,0.0,-5.174636639093677e-05,236.31361007080397,1.7350036608855959,48.71516824130583,19.186908105270263
1.5,237.5,29.824409714018117,7.999964953981182,0.47446899414062504,0.0,-5.067166470862361e-05,238.5331313111924,1.7487938429572867,49.144615972693586,19.0628037885742
1.5,240.0,30.10250624394817,7.999809067412149,0.47373046875,0.0,-4.9327932071907554e-05,241.22548987677396,1.764386681451621,49.57712598503819,18.811743049294115
1.5,242.5,30.35174926335385,7.999969891071636,0.474560546875,0.0,-4.84288586419801e-05,243.0053236595703,1.7739948113070816,50.012816678017764,18.454325961289044
1.5,245.0,30.8465581136517,7.999806444121557,0.478033447265625,0.0,-4.7506390681295585e-05,245.75246086804614,1.787712128899424,50.45180216077475,17.96373347412674
1.5,247.5,31.479549660666326,7.950794273431664,0.4828796386718751,0.0,-4.580983325430665e-05,249.04387925363588,1.8023875745900577,50.89419186558695,17.33719760435419
1.5,250.0,32.338279805419475,7.977098919990622,0.494171142578125,0.0,-4.565369610221026e-05,251.58538129067242,1.8122850591439839,51.340090137061665,16.62668059136354
1.5,252.5,32.9906171048302,7.879018435146171,0.501141357421875,0.0,-4.488705758598499e-05,254.118282662376,1.8210478006647324,51.78959579676537,15.779927627598726
1.5,255.0,34.08870762470107,7.885210642537392,0.5173767089843749,0.0,-4.498595549939921e-05,256.6715039323893,1.8285866315346682,52.2428016839027,14.853087754285076
1.5,257.5,35.681672062944735,7.941532859012925,0.5443664550781251,0.0,-4.651474309413928e-05,259.24965748115585,1.834895563482951,52.69979417329914,13.879057241862268
1.5,260.0,36.84665539378326,7.810131200283446,0.5624145507812499,0.0,-4.683984776043815e-05,261.8069667663884,1.8400443521084693,53.160652672509976,12.8349493025017
1.5,262.5,38.55621556536527,7.740301534440953,0.592840576171875,0.0,-4.868861282814052e-05,264.3913592272766,1.8439408401877544,53.625449100374325,11.755634738014152
1.5,265.0,41.48975371699322,7.818343846064831,0.652777099609375,0.0,-5.307390504682985e-05,267.0361854084913,1.8465309053011114,54.094247349750944,10.70810586862777
1.5,267.5,43.7553045299764,7.633485668758299,0.6988708496093751,0.0,-5.595599992469502e-05,269.6479907553957,1.8479633368756159,54.567102737519285,9.640941677619507
1.5,270.0,49.465154135124266,7.833146519624876,0.8378723144531252,0.0,-6.588702065712937e-05,272.4297606633717,1.8479323413291957,55.0440614452068,8.652966684526493
1.5,272.5,53.64285277245261,7.581024934468723,0.9445129394531251,0.0,-7.240015981002657e-05,275.1364125632405,1.8468204446588155,55.0440614452068,8.652966684526493
1.5,275.0,55.52516094848678,7.753189351964708,1.0,0.0,-7.583009715972366e-05,275.3384471640959,1.8466201290872024,55.52515995382102,7.7531891099572405
1.5,277.5,56.010425407964775,6.918608262548766,1.0,0.0,-7.497890672114593e-05,278.09254964994085,1.8442737298455658,56.01042447662857,6.918608524372376
1.5,280.0,56.499871259109014,6.155693355328828,1.0,0.0,-7.409944370317945e-05,280.8708928971939,1.840424842186875,56.499870393745546,6.155694004738064
1.5,282.5,,,,,,,,56.99350169249133,5.5317541690311405
1.5,285.0,,,,,,,,57.491310417523,4.958246066250836
1.5,287.5,,,,,,,,57.993276134817634,4.4385677526480425
1.5,290.0,,,,,,,,58.49936541361399,4.035960265847467
1.5,292.5,,,,,,,,59.00953133047028,3.660200121199418
1.5,295.0,,,,,,,,59.00953133047028,3.660200121199418
1.5,297.5,,,,,,,,59.52371299964542,3.313029559314282
1.5,300.0,,,,,,,,60.04183513407376,3.0246847348081123
