tag,release_angle_deg,actuator_scale,ent_coef,seed,det_released,det_speed_kmh,det_land_x,det_extension_deg,det_legal,det_good,det_release_shoulder_deg,stoch_good_pct,stoch_legal_pct,stoch_zone_pct,stoch_released_pct,stoch_mean_speed_good_kmh,stoch_mean_land_x,action_std,train_peak_good_pct,train_peak_timesteps,train_final_good_pct,ckpt_best_speed_kmh,ckpt_best_timesteps,ckpt_best_stoch_good_pct,has_ckpts
a230_s075_e0003_0,230.0,0.75,0.003,0,True,19.192181332964715,3.797444906089951,16.341695202417284,False,False,230.10576858487906,0.0,62.5,0.0,100.0,,3.9425199866685112,0.27 0.18,30.250910562525295,768872,0.0,,,,False
a230_s075_e0003_1,230.0,0.75,0.003,1,True,19.628000621296138,3.9547806370375618,-0.09756698402626984,True,False,230.77420003435347,0.0,98.0,0.0,100.0,,3.918380248125899,0.38 0.23,11.529411764705882,725864,0.0,,,,False
a230_s075_e0003_2,230.0,0.75,0.003,2,True,18.935241092150356,3.7410419425510395,62.73442670038875,False,False,230.76607401385832,0.0,0.0,0.0,100.0,,3.549727018049696,0.25 0.18,8.018684312962241,789368,0.0,,,,True
a240_s075_e0003_0,240.0,0.75,0.003,0,True,19.42698239241047,4.025061850350289,-0.0014232993553719986,True,False,240.3526231869845,0.0,100.0,0.0,100.0,,4.0027190962872155,0.23 0.16,51.93783576362241,773872,0.0,,,,False
a240_s075_e0003_1,240.0,0.75,0.003,1,True,28.264712526622716,6.132796848547817,-22.051424904186838,True,True,240.18867262087588,42.5,99.5,42.5,99.5,27.72592997588827,5.872159242359369,0.34 0.24,52.68578352180937,7120408,37.217285945072696,,,,False
a240_s075_e0003_2,240.0,0.75,0.003,2,True,19.258051122537754,3.973230279629285,-0.0011287112722500048,True,False,240.4369690593404,0.0,100.0,0.0,100.0,,3.980752080778554,0.32 0.27,38.72365570218633,742264,0.0,26.332799091784942,1000000,10.0,True
a250_s075_e0003_0,250.0,0.75,0.003,0,True,26.353120241849734,6.0306456546954355,0.00011338930299764627,True,True,250.007244940566,47.5,100.0,47.5,100.0,26.882448342775316,6.009143745224755,0.22 0.29,68.6618444846293,748600,8.642198517447117,,,,False
a250_s075_e0003_1,250.0,0.75,0.003,1,True,24.66613914936474,5.446207152221453,-5.812532577520457e-05,True,False,250.72813498211963,0.0,100.0,0.0,100.0,,5.464724594361339,0.57 0.50,99.28486293206198,2115696,0.01986491855383393,,,,False
a250_s075_e0003_2,250.0,0.75,0.003,2,True,22.880775281840126,4.897894761990925,-2.703979939022716e-05,True,False,250.8170236878702,0.0,100.0,0.0,100.0,,4.925819945597534,0.21 0.22,61.1516171246962,730056,0.0,29.346333838496754,1000000,66.0,True
a260_s075_e0003_0,260.0,0.75,0.003,0,True,33.72020789264663,7.204664006411962,-4.3556507613562445e-05,True,True,260.25905730274496,100.0,100.0,100.0,100.0,33.72036863690174,7.200217241363917,0.15 0.24,100.0,3247632,100.0,,,,False
a260_s075_e0003_1,260.0,0.75,0.003,1,True,25.204930888163478,4.999490601939156,-0.0001329386760593465,True,False,260.10985854386655,0.0,100.0,0.0,100.0,,4.977700790313583,0.17 0.37,98.20261437908496,1521536,0.0,,,,False
a260_s075_e0003_2,260.0,0.75,0.003,2,True,28.65757706402307,5.834965806580381,-0.00011627471910991005,True,False,260.5286315669899,2.0,100.0,2.0,100.0,29.57007026595634,5.813265877261515,0.16 0.25,100.0,6064744,72.10464922512915,33.472685934096546,1000000,96.0,True
a265_s075_e0003_0,265.0,0.75,0.003,0,True,34.218572810340746,6.47852326010928,-4.2321922982591076e-05,True,True,265.7393732668268,100.0,100.0,100.0,100.0,34.151250676500986,6.438296667298612,0.22 0.20,100.0,3991448,100.0,,,,False
a265_s075_e0003_1,265.0,0.75,0.003,1,True,32.2099894494176,6.0256657120585935,2.8943105236489686e-05,True,True,265.7848413461881,60.5,100.0,60.5,100.0,32.31599046500828,6.011074281958669,0.17 0.15,98.42917997870074,1655424,17.2790202342918,,,,False
a265_s075_e0003_2,265.0,0.75,0.003,2,True,30.39143651378957,5.665152845140587,-4.364420455926776e-05,True,False,265.70844745512983,11.5,100.0,11.5,100.0,32.156541527459105,5.817331212831631,0.20 0.15,99.11727616645649,1612032,54.79893512680398,33.952661475876006,1000000,98.0,True
a270_s075_e0003_0,270.0,0.75,0.003,0,True,33.41299918272039,5.478521140312337,-3.097103806215529e-05,True,False,271.3564141822402,0.0,100.0,0.0,100.0,,5.386654452682551,0.16 0.18,0.6419309282321223,2377080,0.0,,,,False
a270_s075_e0003_1,270.0,0.75,0.003,1,False,,,,False,False,,0.0,0.0,0.0,0.0,,,4.88 6.58,0.0,686984,0.0,,,,False
a270_s075_e0003_2,270.0,0.75,0.003,2,False,,,,False,False,,0.0,0.5,0.0,0.5,,4.301962687851773,0.87 1.05,1.204365826119684,5451968,0.0,,,,True
a275_s075_e0003_0,275.0,0.75,0.003,0,False,,,,False,False,,0.0,0.0,0.0,0.0,,,5.47 7.59,0.0,686096,0.0,,,,False
a275_s075_e0003_1,275.0,0.75,0.003,1,False,,,,False,False,,0.0,0.0,0.0,0.0,,,5.42 6.66,0.0,697952,0.0,,,,False
a275_s075_e0003_2,275.0,0.75,0.003,2,False,,,,False,False,,0.0,0.0,0.0,0.0,,,4.78 5.47,0.0,651600,0.0,,,,True
a280_s075_e0003_0,280.0,0.75,0.003,0,False,,,,False,False,,0.0,0.0,0.0,0.0,,,0.96 1.36,0.0,558152,0.0,,,,False
a280_s075_e0003_1,280.0,0.75,0.003,1,False,,,,False,False,,0.0,0.0,0.0,0.0,,,5.48 7.57,0.0,692120,0.0,,,,False
a280_s075_e0003_2,280.0,0.75,0.003,2,True,34.609916724293335,4.438219481126096,0.0004774230911630539,True,False,280.5300791787879,0.0,100.0,0.0,100.0,,4.412960424446809,0.99 1.24,0.0,534816,0.0,,,,True
a285_s075_e0003_0,285.0,0.75,0.003,0,False,,,,False,False,,0.0,0.0,0.0,0.0,,,5.51 7.39,0.0,734416,0.0,,,,False
a285_s075_e0003_1,285.0,0.75,0.003,1,False,,,,False,False,,0.0,0.0,0.0,0.0,,,4.69 7.08,0.0,673000,0.0,,,,False
a285_s075_e0003_2,285.0,0.75,0.003,2,False,,,,False,False,,0.0,0.0,0.0,0.0,,,5.84 7.31,0.0,699208,0.0,,,,True
a290_s075_e0003_0,290.0,0.75,0.003,0,False,,,,False,False,,0.0,0.0,0.0,0.0,,,3.14 3.90,0.0,955152,0.0,,,,False
a290_s075_e0003_1,290.0,0.75,0.003,1,False,,,,False,False,,0.0,0.5,0.0,0.5,,3.1688690083462645,1.50 2.51,0.0,1033840,0.0,,,,False
a290_s075_e0003_2,290.0,0.75,0.003,2,False,,,,False,False,,0.0,0.0,0.0,0.0,,,6.59 6.16,0.0,712352,0.0,,,,True
a300_s075_e0003_0,300.0,0.75,0.003,0,False,,,,False,False,,0.0,0.0,0.0,0.0,,,3.76 4.28,0.0,904032,0.0,,,,False
a300_s075_e0003_1,300.0,0.75,0.003,1,False,,,,False,False,,0.0,0.0,0.0,0.0,,,5.07 6.84,0.0,705936,0.0,,,,False
a300_s075_e0003_2,300.0,0.75,0.003,2,False,,,,False,False,,0.0,0.0,0.0,0.0,,,2.26 2.64,0.0,1250896,0.0,,,,True
a230_s100_e0003_0,230.0,1.0,0.003,0,True,23.70772961043888,5.366324818058356,67.33503230074722,False,False,230.35506482203482,0.0,0.0,21.5,100.0,,4.970060458518711,0.11 0.10,21.246231155778894,778232,0.04020100502512563,,,,False
a230_s100_e0003_1,230.0,1.0,0.003,1,True,23.09397230879923,5.190318184484283,-0.0012487997560897135,True,False,230.36771438223926,0.5,100.0,0.5,100.0,25.663351038602496,5.156321993304278,0.17 0.16,44.643962848297214,746624,0.7222451506397028,,,,False
a230_s100_e0003_2,230.0,1.0,0.003,2,True,25.293394583338635,6.0344400247471555,67.96945915530681,False,False,230.315322484148,0.0,0.0,28.0,100.0,,5.194752439362814,0.15 0.14,48.59365649311789,1573416,0.0,27.20741019290209,1000000,48.0,True
a240_s100_e0003_0,240.0,1.0,0.003,0,False,,,,False,False,,0.0,0.0,0.0,0.0,,,4.55 4.95,0.2067336089781453,696320,0.0,,,,False
a240_s100_e0003_1,240.0,1.0,0.003,1,True,23.798414519119433,5.505773499463379,0.0003525031300122272,True,False,240.67659725518817,1.5,100.0,1.5,100.0,25.4884951015722,5.530343895917802,0.17 0.19,45.99179716629381,774784,2.031686859273066,,,,False
a240_s100_e0003_2,240.0,1.0,0.003,2,True,23.031366958405926,5.221955602530344,67.92586031309996,False,False,240.48767251633018,0.0,0.0,10.5,100.0,,5.209280558083407,0.23 0.18,39.0253487915111,742736,0.0,25.178988086359407,2000000,40.0,True
a250_s100_e0003_0,250.0,1.0,0.003,0,True,29.783226500157404,7.215626832077082,43.682903623381435,False,False,250.3305832763679,26.5,27.0,98.5,100.0,30.45471981492088,7.182411244437678,0.18 0.29,69.27789121960275,2280176,23.259699276034898,,,,False
a250_s100_e0003_1,250.0,1.0,0.003,1,True,26.62759625280186,6.077495852585797,4.746210401821489,True,True,250.88467376524358,60.0,94.0,65.0,100.0,27.42330521067367,6.1687152907018,0.18 0.15,94.71458773784356,6385248,15.098661028893588,,,,False
a250_s100_e0003_2,250.0,1.0,0.003,2,True,25.12513426876482,5.59319464637321,37.99223855708846,False,False,250.76779587871553,2.0,4.0,4.5,100.0,26.700198727906628,5.476859022147639,0.15 0.15,72.75127618377046,3122848,6.618553071642316,29.02864394952451,1000000,60.0,True
a260_s100_e0003_0,260.0,1.0,0.003,0,True,31.732420594311506,6.669429329211013,1.24450859807449,True,True,260.2750381459486,80.5,98.5,80.5,99.0,31.37717596816697,6.351990319934402,0.42 0.46,85.16097401536199,6587912,72.8921568627451,,,,False
a260_s100_e0003_1,260.0,1.0,0.003,1,True,30.591369084895213,6.321216022560684,-0.0002878008037221491,True,True,260.7327790359133,83.0,100.0,83.0,100.0,30.38840876779899,6.196658155017397,0.30 0.28,99.96664999166249,2992784,82.72469568117393,,,,False
a260_s100_e0003_2,260.0,1.0,0.003,2,True,27.985732500918687,5.654047740149809,0.0006145415028653289,True,False,260.7874161533804,18.0,98.5,18.0,100.0,30.031538993813506,5.732392978252255,0.17 0.13,75.19673123486683,3102736,69.67771221062188,31.72449946605806,2000000,64.0,True
a265_s100_e0003_0,265.0,1.0,0.003,0,False,,,,False,False,,0.0,0.0,0.0,0.0,,,4.41 5.42,0.5880623346074684,663744,0.0,,,,False
a265_s100_e0003_1,265.0,1.0,0.003,1,True,33.018331037227476,6.163869002287417,-3.466905183957536e-05,True,True,266.1264314007646,99.5,100.0,99.5,100.0,32.997832259450156,6.2108146343767405,0.20 0.16,100.0,3840736,98.1319859133364,,,,False
a265_s100_e0003_2,265.0,1.0,0.003,2,True,33.23394553863904,6.254695907241198,0.0006116389715984383,True,True,265.8751180747599,100.0,100.0,100.0,100.0,33.17703307568952,6.251564363180742,0.16 0.14,99.08154745338157,6391024,75.21569718897857,40.803004709246025,1000000,98.0,True
a270_s100_e0003_0,270.0,1.0,0.003,0,False,,,,False,False,,0.0,0.0,0.0,3.0,,3.541013688113111,2.66 3.19,0.0,871112,0.0,,,,False
a270_s100_e0003_1,270.0,1.0,0.003,1,False,,,,False,False,,0.0,0.0,0.0,0.0,,,3.80 6.30,0.0,717648,0.0,,,,False
a270_s100_e0003_2,270.0,1.0,0.003,2,True,35.314896141171964,5.807504845842012,-0.00022014367828182557,True,False,271.33950255424253,5.0,100.0,5.0,100.0,35.59826807131971,5.874396240780087,0.15 0.26,100.0,2220816,13.817017871432382,41.8587837968197,1000000,100.0,True
a275_s100_e0003_0,275.0,1.0,0.003,0,False,,,,False,False,,0.0,0.0,0.0,0.0,,,3.90 5.56,0.0,698840,0.0,,,,False
a275_s100_e0003_1,275.0,1.0,0.003,1,False,,,,False,False,,0.0,0.0,0.0,0.0,,,3.83 6.82,0.0,677736,0.0,,,,False
a275_s100_e0003_2,275.0,1.0,0.003,2,False,,,,False,False,,0.0,0.0,0.0,0.0,,,4.55 6.52,0.0,669624,0.0,,,,True
a280_s100_e0003_0,280.0,1.0,0.003,0,False,,,,False,False,,0.0,0.0,0.0,0.0,,,4.08 5.17,0.0,707480,0.0,,,,False
a280_s100_e0003_1,280.0,1.0,0.003,1,False,,,,False,False,,0.0,0.0,0.0,0.0,,,4.78 5.35,0.0,617616,0.0,,,,False
a280_s100_e0003_2,280.0,1.0,0.003,2,False,,,,False,False,,0.0,0.0,0.0,0.0,,,4.51 4.99,0.0,705312,0.0,,,,True
a285_s100_e0003_0,285.0,1.0,0.003,0,False,,,,False,False,,0.0,0.0,0.0,0.0,,,3.87 5.02,0.0,711984,0.0,,,,False
a285_s100_e0003_1,285.0,1.0,0.003,1,False,,,,False,False,,0.0,0.0,0.0,0.0,,,4.05 5.89,0.0,688680,0.0,,,,False
a285_s100_e0003_2,285.0,1.0,0.003,2,False,,,,False,False,,0.0,0.0,0.0,0.0,,,3.64 5.03,0.0,673976,0.0,,,,True
a290_s100_e0003_0,290.0,1.0,0.003,0,True,35.88814773627661,3.449683475048403,135.29386627494927,False,False,290.80978932290384,0.0,0.0,0.0,100.0,,3.4433309434365715,0.96 1.19,0.0,1128312,0.0,,,,False
a290_s100_e0003_1,290.0,1.0,0.003,1,False,,,,False,False,,0.0,0.0,0.0,0.0,,,3.32 5.13,0.0,657416,0.0,,,,False
a290_s100_e0003_2,290.0,1.0,0.003,2,True,45.02065652908115,3.774412150586391,-5.182739695186456e-05,True,False,291.1473244661265,0.0,100.0,0.0,100.0,,3.7810353068421216,1.26 2.04,0.0,1081656,0.0,,,,True
a300_s100_e0003_0,300.0,1.0,0.003,0,True,45.632123939213,2.77116100783984,-3.359172749783923e-05,True,False,301.9817736653075,0.0,100.0,0.0,100.0,,2.8205521953324624,0.91 1.21,0.0,1316656,0.0,,,,False
a300_s100_e0003_1,300.0,1.0,0.003,1,False,,,,False,False,,0.0,0.0,0.0,0.0,,,3.81 5.00,0.0,708640,0.0,,,,False
a300_s100_e0003_2,300.0,1.0,0.003,2,False,,,,False,False,,0.0,0.0,0.0,0.0,,,3.77 5.05,0.0,689096,0.0,,,,True
a230_s150_e0003_0,230.0,1.5,0.003,0,False,,,,False,False,,0.0,0.0,0.0,0.0,,,0.36 0.46,71.83908045977012,2085024,2.2988505747126435,27.268174581881183,2000000,62.0,True
a230_s150_e0003_1,230.0,1.5,0.003,1,False,,,,False,False,,0.0,0.0,0.0,0.0,,,0.77 0.69,63.780875519686965,2854792,0.0,28.777145066915743,1000000,58.0,True
a230_s150_e0003_2,230.0,1.5,0.003,2,True,21.76976436547651,4.700652050569514,14.485553727726796,True,False,230.5949924850003,0.0,54.0,0.0,100.0,,4.6445342982490345,0.17 0.14,57.34451718494272,1576344,0.0,26.998619219645256,1000000,72.0,True
a240_s150_e0003_0,240.0,1.5,0.003,0,True,29.65977589952997,7.85208456268956,86.28041086222726,False,False,240.44610949386484,0.0,0.0,34.0,100.0,,7.406227525460473,0.13 0.12,77.11082986801664,2478112,0.0,27.327731560851465,1000000,70.0,True
a240_s150_e0003_1,240.0,1.5,0.003,1,True,26.045605151891394,6.3617886368681855,78.35924194258463,False,False,240.6797109229664,0.0,0.0,44.5,100.0,,5.490567794893232,0.11 0.10,69.67182890855457,3246424,0.0,26.014247813579033,3000000,84.0,True
a240_s150_e0003_2,240.0,1.5,0.003,2,True,31.093057139393235,8.61543554244157,84.80786018130863,False,False,240.86082756313775,0.0,0.0,49.5,100.0,,6.159650531654834,0.15 0.15,43.68896259443523,1595096,0.0,25.83932155004791,2000000,48.0,True
a250_s150_e0003_0,250.0,1.5,0.003,0,True,28.93007153749917,6.876410752727999,5.693279341745239e-05,True,True,250.74514886750268,98.0,100.0,98.0,100.0,28.87567219299701,6.85077334462306,0.20 0.23,85.43940795559666,2164008,69.472710453284,30.697949162670245,2000000,94.0,True
a250_s150_e0003_1,250.0,1.5,0.003,1,True,27.626565596546996,6.3952186081855,0.00016096591127912063,True,True,251.1794530280704,90.5,100.0,90.5,100.0,27.69892581537082,6.389564451855876,0.13 0.25,95.5703211517165,3756224,82.5765965300849,29.94267056299346,1000000,84.0,True
a250_s150_e0003_2,250.0,1.5,0.003,2,True,28.45933996294563,6.698766410970768,1.4808780875939256,True,True,250.8077259288104,89.0,90.5,96.0,100.0,28.062598077414282,6.494782117085963,0.13 0.14,89.80735551663747,2287216,53.992994746059544,29.685842274354954,2000000,92.0,True
a260_s150_e0003_0,260.0,1.5,0.003,0,True,38.40786264604346,8.520439684727691,-3.2909338049336156e-05,True,False,260.5326801965646,63.5,100.0,63.5,100.0,33.896395312936875,7.293887952238412,1.70 1.29,46.97469746974698,8011592,46.97469746974698,,,,True
a260_s150_e0003_1,260.0,1.5,0.003,1,True,30.25484206939175,6.207034918588121,2.8564550419218904e-05,True,True,261.0864607286339,69.0,100.0,69.0,100.0,30.035175552708036,6.075584045419154,0.12 0.21,94.71481711097334,7176640,75.59274755927476,33.42117245318007,2000000,96.0,True
a260_s150_e0003_2,260.0,1.5,0.003,2,True,27.73968387426722,5.575538150135029,0.0010275020596979267,True,False,261.0496338502751,16.5,61.0,52.5,100.0,30.752716083754642,6.181854939446514,0.15 0.16,98.27560353876143,5514720,75.57721139430285,34.201632270817065,2000000,98.0,True
a265_s150_e0003_0,265.0,1.5,0.003,0,True,32.99205653899091,6.240886552413519,9.287268466673382e-05,True,True,265.8684863901107,84.5,100.0,84.5,100.0,33.397036504453744,6.265372209971308,0.15 0.23,97.27787123413366,5467512,56.69724770642202,36.64746894437842,4000000,100.0,True
a265_s150_e0003_1,265.0,1.5,0.003,1,True,34.80714165682254,6.573188469960472,1.5319175624028958e-05,True,True,266.1751498880013,99.0,100.0,99.0,100.0,34.31869903346866,6.519556613441975,0.17 0.23,98.72602547949042,7141720,97.88633818589025,38.42598086661816,1000000,88.0,True
a265_s150_e0003_2,265.0,1.5,0.003,2,True,34.362005184742294,6.3358882464968875,73.69932761289242,False,False,266.2078298417481,5.5,10.0,64.5,100.0,33.98804134500338,6.41621608535827,0.11 0.18,90.34539026380202,3125608,1.522773623385452,38.16085711399343,1000000,92.0,True
a270_s150_e0003_0,270.0,1.5,0.003,0,True,44.143482822339095,8.02789098164892,116.77320076799232,False,False,270.1075221021376,0.0,0.0,62.0,99.5,,6.3003102159696,0.17 0.16,99.987929993965,4761120,1.5208207604103803,48.19949193224864,2000000,96.0,True
a270_s150_e0003_1,270.0,1.5,0.003,1,True,38.82539501842298,6.587024771762291,12.416265180976211,True,True,270.49949129377507,82.0,85.0,94.5,100.0,38.57291238822988,6.41168190904926,0.25 0.13,99.15611814345992,6335088,92.27720240378468,48.390621975543105,1000000,86.0,True
a270_s150_e0003_2,270.0,1.5,0.003,2,True,38.92765910767929,6.522891200724246,59.375410836459174,False,False,271.0633856179623,1.0,1.0,89.0,100.0,41.78999596537109,6.546182946539822,0.16 0.12,99.90408823882028,3203248,5.011389521640091,45.76927836210074,1000000,98.0,True
a275_s150_e0003_0,275.0,1.5,0.003,0,False,,,,False,False,,0.0,0.0,0.0,0.0,,,2.65 2.92,0.0,720312,0.0,,,,True
a275_s150_e0003_1,275.0,1.5,0.003,1,False,,,,False,False,,0.0,0.0,0.0,0.0,,,2.82 3.77,0.17584994138335286,641584,0.0,,,,True
a275_s150_e0003_2,275.0,1.5,0.003,2,True,54.8973495302031,7.118633496655978,-5.669965095211893e-05,True,True,277.0626969046993,100.0,100.0,100.0,100.0,54.88766686655074,7.135211142124461,0.20 0.25,100.0,3527280,100.0,55.845338530113075,3000000,100.0,True
a280_s150_e0003_0,280.0,1.5,0.003,0,True,51.85759144041043,5.915502597936798,40.13746028658967,False,False,280.4639644389545,0.0,1.0,9.0,100.0,,5.5424011366657915,0.79 0.96,0.0,995328,0.0,,,,True
a280_s150_e0003_1,280.0,1.5,0.003,1,False,,,,False,False,,0.0,0.0,0.0,0.0,,,2.39 2.75,0.0,685272,0.0,,,,True
a280_s150_e0003_2,280.0,1.5,0.003,2,False,,,,False,False,,0.0,0.0,0.0,0.0,,,2.18 3.34,0.0,685976,0.0,,,,True
a285_s150_e0003_0,285.0,1.5,0.003,0,False,,,,False,False,,0.0,0.0,0.0,0.0,,,4.39 4.56,0.0,726136,0.0,,,,True
a285_s150_e0003_1,285.0,1.5,0.003,1,True,57.51020909195249,5.058143592343066,-5.816758995891291e-05,True,False,286.0193806767703,0.0,100.0,0.0,100.0,,5.034641081224423,0.74 0.84,0.0,1364224,0.0,,,,True
a285_s150_e0003_2,285.0,1.5,0.003,2,False,,,,False,False,,0.0,0.0,0.0,0.0,,,2.40 2.41,0.0,725464,0.0,,,,True
a290_s150_e0003_0,290.0,1.5,0.003,0,False,,,,False,False,,0.0,0.0,0.0,0.0,,,2.34 2.81,0.0,671448,0.0,,,,True
a290_s150_e0003_1,290.0,1.5,0.003,1,False,,,,False,False,,0.0,0.0,0.0,0.0,,,2.80 3.22,0.0,669752,0.0,,,,True
a290_s150_e0003_2,290.0,1.5,0.003,2,False,,,,False,False,,0.0,0.0,0.0,0.0,,,2.36 2.78,0.0,708816,0.0,,,,True
a300_s150_e0003_0,300.0,1.5,0.003,0,False,,,,False,False,,0.0,0.0,0.0,0.0,,,2.62 3.86,0.0,734032,0.0,,,,True
a300_s150_e0003_1,300.0,1.5,0.003,1,True,59.21431012357203,3.1184239321544114,-6.344874949792967e-05,True,False,300.042044597511,0.0,99.5,0.0,99.5,,2.9880295166376807,0.39 0.45,0.0,1886904,0.0,,,,True
a300_s150_e0003_2,300.0,1.5,0.003,2,False,,,,False,False,,0.0,0.0,0.0,0.0,,,2.68 3.65,0.0,692672,0.0,,,,True
a230_s100_e001_0,230.0,1.0,0.01,0,True,22.634884451494138,5.007116156075617,0.0009067406617107032,True,False,230.0868066949011,3.0,98.5,3.0,100.0,26.167732839215134,4.659474942253946,0.76 1.97,21.12364075714861,1560320,1.2885041272397826,26.23330706948546,1000000,30.0,True
a240_s100_e001_0,240.0,1.0,0.01,0,False,,,,False,False,,0.0,0.0,0.0,0.0,,,7.48 13.06,0.019758940920766646,1148944,0.0,,,,True
a250_s100_e001_0,250.0,1.0,0.01,0,True,27.91988872739875,6.525258073419268,-4.480294849296129e-05,True,True,250.54648322222542,49.0,97.5,49.0,100.0,27.35122939541591,5.948767307146041,1.22 1.03,69.22401685393258,6371680,68.50421348314607,30.87463431991466,4000000,88.0,True
a260_s100_e001_0,260.0,1.0,0.01,0,False,,,,False,False,,0.0,0.0,0.0,0.0,,,15.36 23.37,0.02956830277942046,706152,0.0,,,,True
a265_s100_e001_0,265.0,1.0,0.01,0,False,,,,False,False,,0.0,0.0,0.0,0.0,,,7.66 11.12,0.3061849357011635,1020624,0.0,,,,True
a270_s100_e001_0,270.0,1.0,0.01,0,True,41.05157664976748,6.965549279279037,-4.769100734947074e-05,True,True,270.34616112042124,100.0,100.0,100.0,100.0,41.00898663397991,6.947593317878561,0.96 1.11,100.0,2446648,100.0,42.65278443391077,4000000,100.0,True
a275_s100_e001_0,275.0,1.0,0.01,0,False,,,,False,False,,0.0,0.0,0.0,0.0,,,14.25 19.95,0.0,719488,0.0,,,,True
a280_s100_e001_0,280.0,1.0,0.01,0,False,,,,False,False,,0.0,0.0,0.0,0.0,,,12.57 30.55,0.0,736416,0.0,,,,True
a285_s100_e001_0,285.0,1.0,0.01,0,False,,,,False,False,,0.0,0.0,0.0,0.0,,,13.81 18.10,0.0,704416,0.0,,,,True
a290_s100_e001_0,290.0,1.0,0.01,0,False,,,,False,False,,0.0,0.0,0.0,0.0,,,12.46 36.53,0.0,734536,0.0,,,,True
a300_s100_e001_0,300.0,1.0,0.01,0,False,,,,False,False,,0.0,0.0,0.0,0.0,,,17.41 26.99,0.0,732424,0.0,,,,True
